,Area,YearBuilt,Rooms,Location,Price,Floor,BuildingAge
0,87,1400,2, مرزداران,13920000000,7,2
1,98,1397,2, کوی فردوس,10600000000,5,5
2,60,1396,1, ابراهیم‌آباد,1560000000,1,6
3,87,1394,2, سازمان برنامه,9500000000,3,8
4,170,1375,3, فرمانیه,34000000000,2,27
5,61,1395,2, اندیشه (شهر زیبا),2650000000,0,7
6,105,1401,2, هروی,14000000000,7,1
7,90,1387,2, پونک,10750000000,1,15
8,67,1383,2, جنت‌آباد جنوبی,6666000000,0,19
9,91,1384,2, شهرک نفت (منطقه ۵),9100000000,0,18
10,88,1380,2, سازمان برنامه,9590000000,2,22
11,260,1395,4, قیطریه,30000000000,2,7
12,110,1389,2, سعادت‌آباد,16000000000,4,13
13,160,1395,3, شهرک راه‌آهن,14000000000,1,7
14,85,1401,2, نیاوران,22600000000,9,1
15,102,1387,2, قیطریه,13200000000,5,15
16,128,1401,2, پاسداران,15360000000,8,1
17,122,1390,3, سازمان برنامه,12000000000,3,12
18,80,1396,2, ایران,6280000000,0,6
19,73,1401,1, دریاچه شهدای خلیج فارس,6000000000,5,1
20,182,1385,3, قیطریه,18600000000,4,17
21,96,1392,2, قلهک,12800000000,2,10
22,102,1402,2, وردآورد,918000000,10,0
23,94,1396,2, پونک,10000000000,5,6
24,112,1402,2, شهرک راه‌آهن,11000000000,3,0
25,150,1401,3, قبا,24750000000,2,1
26,46,1399,1, مخصوص,2500000000,0,3
27,550,1399,4, زعفرانیه,165000000000,3,3
28,118,1402,2, شهرک راه‌آهن,1950000000,9,0
29,72,1395,1, خانی‌آباد,2600000000,0,7
30,117,1402,2, پاسداران,15000000000,2,0
31,54,1398,1, استاد معین,3600000000,1,4
32,250,1401,3, ولنجک,75000000000,6,1
33,120,1371,2, دهکده المپیک,8200000000,2,31
34,55,1402,1, باغ فیض,7700000000,2,0
35,66,1394,2, چیتگر,2900000000,2,8
36,95,1380,2, پلیس,5900000000,4,22
37,100,1385,2, شهرک راه‌آهن,8200000000,2,17
38,58,1385,2, دولت‌آباد,1990000000,4,17
39,70,1393,2, ارم,7750000000,5,9
40,45,1381,1, سلسبیل,2650000000,2,21
41,100,1401,2, چیتگر,1900000000,19,1
42,120,1398,2, آبشار تهران,8400000000,10,4
43,74,1402,1, پونک,7400000000,8,0
44,280,1392,3, امامزاده قاسم,47000000000,0,10
45,86,1399,2, استاد معین,7000000000,4,3
46,115,1401,2, شهرک نفت (منطقه ۵),14900000000,0,1
47,100,1401,2, چیتگر,1750000000,20,1
48,164,1386,3, سعادت‌آباد,22000000000,3,16
49,114,1383,2, سعادت‌آباد,12300000000,1,19
50,60,1401,1, گیشا (کوی نصر),12000000000,4,1
51,146,1390,3, شهران جنوبی,16500000000,5,12
52,103,1401,2, حسین‌آباد,12890000000,4,1
53,132,1401,3, چیتگر,14500000000,16,1
54,115,1396,2, سعادت‌آباد,28250000000,4,6
55,95,1399,2, شوش,3600000000,0,3
56,140,1401,3, گیشا (کوی نصر),22500000000,3,1
57,47,1380,1, سلسبیل,2400000000,3,22
58,270,1395,4, فرمانیه,40000000000,5,7
59,146,1370,3, اکباتان,13500000000,30,32
60,84,1401,2, استاد معین,5200000000,2,1
61,135,1402,3, چیتگر,5670000000,30,0
62,53,1382,1, جیحون,2745000000,1,20
63,330,1401,4, اقدسیه,65000000000,2,1
64,90,1398,2, پونک,9540000000,3,4
65,120,1384,3, پاسداران,15000000000,3,18
66,62,1392,1, شهرک آزادی,4650000000,1,10
67,58,1390,1, اسکندری,3200000000,0,12
68,55,1395,1, سلیمانی,3050000000,3,7
69,60,1398,1, سعادت‌آباد,11900000000,1,4
70,156,1402,3, کوی فردوس,17000000000,3,0
71,75,1402,2, استاد معین,5350000000,2,0
72,63,1377,1, جیحون,3500000000,0,25
73,70,1375,2, سبلان,2690000000,0,27
74,60,1386,1, هاشمی,3950000000,1,16
75,122,1400,2, ازگل,12500000000,0,2
76,98,1399,2, جنت‌آباد مرکزی,12100000000,5,3
77,126,1401,2, دریاچه شهدای خلیج فارس,9120000000,0,1
78,154,1402,3, چیتگر,9000000000,18,0
79,103,1396,2, وردآورد,5800000000,1,6
80,45,1398,1, اندیشه (شهر زیبا),2400000000,2,4
81,70,1391,2, جنت‌آباد جنوبی,6700000000,3,11
82,51,1390,1, شهرک دریا,3820000000,0,12
83,150,1375,3, یوسف‌آباد,16700000000,4,27
84,34,1382,1, نازی‌آباد,2450000000,0,20
85,65,1383,1, افسریه,3550000000,0,19
86,119,1401,2, پاسداران,14500000000,8,1
87,72,1391,2, مسعودیه,3250000000,3,11
88,148,1401,3, مرزداران,17500000000,5,1
89,52,1402,1, استاد معین,4200000000,4,0
90,56,1386,2, سازمان برنامه,5750000000,1,16
91,125,1400,3, مرزداران,17500000000,5,2
92,67,1382,2, فردوسی,4700000000,3,20
93,175,1395,3, هروی,19250000000,2,7
94,56,1394,1, یافت‌آباد,1840000000,0,8
95,49,1400,1, بریانک,3200000000,0,2
96,115,1387,2, زعفرانیه,24000000000,4,15
97,166,1395,3, هروی,20000000000,2,7
98,142,1386,3, هروی,16800000000,1,16
99,230,1402,3, دروس,68000000000,4,0
100,72,1394,2, نیاوران,8300000000,1,8
101,57,1385,1, افسریه,2930000000,0,17
102,140,1391,3, حکیمیه,9700000000,5,11
103,420,1393,4, فرمانیه,105000000000,9,9
104,65,1388,1, شهرک راه‌آهن,6030000000,3,14
105,70,1389,2, دهکده المپیک,4960000000,2,13
106,85,1395,2, گیشا (کوی نصر),11900000000,0,7
107,177,1385,3, شهر زیبا,13500000000,1,17
108,110,1402,2, آجودانیه,15400000000,9,0
109,70,1395,2, شهرک کیانشهر,3500000000,3,7
110,110,1394,2, شهرک راه‌آهن,7100000000,1,8
111,50,1394,1, شهرک کیانشهر,2390000000,3,8
112,83,1401,2, شهرک کیانشهر,4199000000,3,1
113,60,1395,1, شهرک کیانشهر,2900000000,2,7
114,61,1393,1, شهرک کیانشهر,2740000000,5,9
115,77,1372,2, شهرک کیانشهر,2699000000,4,30
116,138,1399,2, دریاچه شهدای خلیج فارس,6500000000,12,3
117,132,1401,3, پاسداران,18500000000,5,1
118,144,1400,3, ظفر,21500000000,3,2
119,49,1383,1, آهنگ,3200000000,0,19
120,76,1387,2, پونک,7400000000,5,15
121,110,1401,2, ستارخان,9300000000,5,1
122,78,1394,2, شهرک پرواز,8600000000,3,8
123,94,1399,2, دربند,14200000000,5,3
124,85,1401,2, جنت‌آباد مرکزی,10300000000,5,1
125,155,1395,3, نیاوران,22500000000,3,7
126,120,1401,3, چیتگر,3060000000,16,1
127,94,1376,2, کوی فردوس,7600000000,0,26
128,87,1400,2, دریان‌نو,9340000000,5,2
129,80,1391,2, هروی,8800000000,3,11
130,100,1402,2, دریاچه شهدای خلیج فارس,2800000000,9,0
131,165,1400,3, زعفرانیه,48000000000,3,2
132,53,1396,1, جیحون,3200000000,4,6
133,155,1396,3, سعادت‌آباد,31000000000,2,6
134,64,1393,1, دکتر هوشیار,4500000000,1,9
135,358,1395,4, نیاوران,81000000000,9,7
136,85,1381,2, صادقیه,7450000000,2,21
137,63,1389,2, جیحون,4000000000,1,13
138,200,1385,3, ولنجک,31000000000,9,17
139,100,1401,2, چیتگر,2800000000,15,1
140,100,1401,2, چیتگر,2800000000,10,1
141,67,1389,1, کوی فردوس,7300000000,3,13
142,132,1402,3, سعادت‌آباد,33000000000,5,0
143,148,1400,3, سعادت‌آباد,28000000000,2,2
144,48,1402,1, آذربایجان,3905000000,1,0
145,114,1402,2, سعادت‌آباد,18080000000,6,0
146,155,1384,3, دروس,21000000000,2,18
147,110,1401,2, سهروردی,14300000000,4,1
148,125,1400,3, مبارک‌آباد بهشتی,3125000000,4,2
149,130,1401,2, قبا,18000000000,4,1
150,86,1382,2, تهران‌نو,5160000000,2,20
151,79,1401,2, آذربایجان,7500000000,4,1
152,110,1401,2, دروس,18700000000,3,1
153,148,1402,2, جردن,28800000000,2,0
154,44,1383,1, مرزداران,4488000000,2,19
155,400,1389,4, نیاوران,78650000000,3,13
156,88,1386,2, شهرک راه‌آهن,8400000000,0,16
157,135,1378,3, صادقیه,10000000000,3,24
158,77,1400,2, اندیشه (شهر زیبا),7050000000,1,2
159,150,1401,3, نیاوران,26000000000,1,1
160,138,1402,3, دریاچه شهدای خلیج فارس,2250000000,6,0
161,42,1384,1, استاد معین,2650000000,3,18
162,100,1381,2, دربند,10000000000,0,21
163,101,1401,2, هروی,13200000000,4,1
164,120,1385,2, اختیاریه,15600000000,2,17
165,115,1390,3, قیطریه,20000000000,3,12
166,125,1382,3, قیطریه,14500000000,4,20
167,106,1402,2, درب دوم,18900000000,3,0
168,182,1395,3, شریف,18200000000,0,7
169,140,1398,3, کوهک,10000000000,7,4
170,63,1400,2, جیحون,4300000000,1,2
171,110,1394,2, مرزداران,13800000000,3,8
172,66,1389,1, خلیج فارس,3280000000,0,13
173,49,1382,1, هاشمی,3100000000,0,20
174,73,1399,2, دکتر هوشیار,5290000000,1,3
175,80,1386,2, سازمان آب,7450000000,1,16
176,120,1401,2, چیتگر,3360000000,1,1
177,70,1402,1, سازمان برنامه,7550000000,5,0
178,73,1399,2, جیحون,5285000000,1,3
179,200,1401,3, پاسداران,24500000000,10,1
180,130,1402,3, سرو آزاد,9200000000,0,0
181,170,1402,3, سعادت‌آباد,55930000000,8,0
182,82,1401,2, صادقیه,8660000000,2,1
183,54,1385,2, میدان انقلاب,3510000000,0,17
184,107,1402,2, پاسداران,13500000000,10,0
185,105,1398,2, تهران‌سر,8300000000,0,4
186,85,1402,2, چیتگر,7650000000,9,0
187,180,1401,3, پاسداران,20880000000,9,1
188,155,1388,3, سعادت‌آباد,26500000000,2,14
189,76,1388,2, افسریه,4000000000,0,14
190,150,1394,3, سعادت‌آباد,24500000000,2,8
191,201,1387,3, سعادت‌آباد,38000000000,2,15
192,120,1399,3, ستارخان,15200000000,0,3
193,101,1401,2, دریاچه شهدای خلیج فارس,2000000000,20,1
194,160,1402,3, پونک,19100000000,2,0
195,142,1400,3, سعادت‌آباد,26700000000,4,2
196,118,1402,3, نارمک,22500000000,4,0
197,125,1385,3, میرداماد,16250000000,2,17
198,100,1401,2, چیتگر,1750000000,15,1
199,102,1402,2, چیتگر,1750000000,13,0
200,130,1386,2, پونک,10600000000,1,16
201,129,1401,2, مبارک‌آباد بهشتی,3870000000,4,1
202,140,1401,3, مبارک‌آباد بهشتی,4200000000,3,1
203,87,1386,2, کوی فردوس,8800000000,3,16
204,720,1396,4, فرمانیه,145000000000,11,6
205,76,1400,1, آسمان,9600000000,1,2
206,52,1398,1, سلسبیل,3530000000,1,4
207,82,1401,2, تجریش,12000000000,2,1
208,117,1401,2, چیتگر,936000000,11,1
209,77,1395,2, مرزداران,9000000000,5,7
210,150,1401,3, شهرک غرب,37000000000,7,1
211,75,1383,2, پونک,7400000000,3,19
212,120,1385,2, سعادت‌آباد,21000000000,5,17
213,70,1401,1, الهیه,23000000000,1,1
214,50,1394,1, دولاب,5900000000,2,8
215,145,1380,3, پونک,28000000000,1,22
216,120,1401,2, شادمهر,12590000000,4,1
217,122,1391,3, چیتگر,6500000000,3,11
218,250,1401,3, نیاوران,85000000000,6,1
219,75,1397,2, مبارک‌آباد بهشتی,1875000000,3,5
220,110,1370,2, جهاد,8800000000,2,32
221,210,1380,3, قیطریه,24350000000,4,22
222,128,1391,2, باغ خزانه,6848000000,5,11
223,100,1397,2, شهران شمالی,11000000000,4,5
224,125,1401,2, دریاچه شهدای خلیج فارس,7850000000,3,1
225,150,1402,3, چیتگر,9999999999,9,0
226,210,1401,2, الهیه,45500000000,5,1
227,75,1388,2, نیرو هوایی,5000000000,3,14
228,70,1392,2, مبارک‌آباد بهشتی,2300000000,1,10
229,55,1398,1, مبارک‌آباد بهشتی,1705000000,1,4
230,113,1395,2, مرزداران,14800000000,2,7
231,56,1387,1, فلاح,2632000000,4,15
232,100,1402,2, منیریه,9900000000,6,0
233,142,1388,3, سعادت‌آباد,18100000000,2,14
234,60,1398,2, اندیشه (شهر زیبا),2000000000,2,4
235,65,1402,2, منیریه,6500000000,1,0
236,95,1394,2, جنت‌آباد مرکزی,10050000000,3,8
237,125,1396,3, پاسداران,17600000000,3,6
238,135,1398,2, دهقان,12300000000,0,4
239,100,1377,2, سعادت‌آباد,12999909099,1,25
240,154,1390,3, دروس,21000000000,3,12
241,55,1387,1, جنت‌آباد مرکزی,5400000000,5,15
242,102,1388,2, قلهک,12000000000,5,14
243,155,1383,3, ظفر,16000000000,4,19
244,109,1393,2, مرزداران,16000000000,1,9
245,110,1402,2, باغ فیض,13750000000,3,0
246,185,1402,3, کاشانک,25500000000,6,0
247,64,1402,1, مرزداران,8400000000,3,0
248,77,1389,2, مرزداران,10450000000,2,13
249,313,1386,4, دروس,51500000000,5,16
250,125,1397,2, منیریه,10450000000,5,5
251,250,1400,3, دروس,50000000000,4,2
252,67,1389,1, سازمان برنامه,5705000000,1,13
253,120,1385,2, اختیاریه,13000000000,1,17
254,130,1402,3, سهروردی,14000000000,4,0
255,115,1401,2, هروی,13750000000,30,1
256,115,1396,3, پونک,12300000000,4,6
257,143,1402,3, شهرک غرب,27000000000,2,0
258,101,1383,2, سعادت‌آباد,12900000000,1,19
259,115,1382,2, شهرک غرب,16500000000,2,20
260,50,1386,1, کوی فردوس,5400000000,0,16
261,110,1388,2, کامرانیه,18500000000,4,14
262,140,1401,3, دریاچه شهدای خلیج فارس,3920000000,14,1
263,72,1400,2, اندیشه (شهر زیبا),2800000000,4,2
264,115,1385,2, اختیاریه,13500000000,5,17
265,66,1385,2, کوی فردوس,7900000000,5,17
266,312,1398,4, فرمانیه,94000000000,3,4
267,165,1395,3, مرزداران,26600000000,4,7
268,112,1402,2, سرو آزاد,10000000000,0,0
269,124,1397,3, دریاچه شهدای خلیج فارس,11700000000,5,5
270,110,1401,2, سرو آزاد,11000000000,0,1
271,170,1401,3, نیاوران,38000000000,2,1
272,132,1391,3, هوانیروز,12000000000,0,11
273,58,1394,1, کرمان,4999999999,0,8
274,131,1401,2, پاسداران,15800000000,10,1
275,48,1385,1, کوی فردوس,4550000000,4,17
276,98,1398,3, مبارک‌آباد بهشتی,2945000000,5,4
277,102,1401,2, اختیاریه,20400000000,4,1
278,74,1388,2, جنت‌آباد جنوبی,6680000000,2,14
279,66,1382,2, ایران,5800000000,0,20
280,118,1380,2, جردن,16000000000,3,22
281,85,1370,2, شمشیری,4500000000,0,32
282,66,1399,2, شهرک تختی,2241000000,3,3
283,150,1402,3, مرزداران,17600000000,0,0
284,120,1370,3, شهر زیبا,7700000000,0,32
285,106,1381,2, صادقیه,9222000000,0,21
286,52,1401,1, هاشم‌آباد,1716000000,3,1
287,93,1402,2, جنت‌آباد جنوبی,13480000000,3,0
288,72,1387,2, ظهیرآباد,4320000000,0,15
289,160,1395,3, هروی,20710000000,1,7
290,60,1385,1, آهنگ,3000000000,0,17
291,53,1385,1, کوی فردوس,5500000000,3,17
292,81,1401,2, مبارک‌آباد بهشتی,2632500000,3,1
293,155,1401,3, جنت‌آباد جنوبی,24500000000,2,1
294,290,1401,4, پونک,55000000000,4,1
295,62,1394,1, ازگل,8200000000,4,8
296,92,1393,2, جنت‌آباد مرکزی,12050000000,3,9
297,133,1394,3, جنت‌آباد جنوبی,17000000000,5,8
298,67,1392,1, جی,3486000000,1,10
299,185,1394,3, شهرک ژاندارمری,33200000000,3,8
300,165,1379,3, شهرک غرب,21000000000,4,23
301,90,1396,2, جنت‌آباد شمالی,9200000000,3,6
302,100,1370,1, پیروزی,6200000000,0,32
303,178,1380,3, جردن,20500000000,6,22
304,150,1402,3, جردن,28000000000,1,0
305,200,1402,3, پاسداران,24000000000,16,0
306,168,1381,3, جردن,22200000000,4,21
307,225,1385,3, امانیه,25400000000,5,17
308,140,1395,3, شهرک پرواز,17600000000,2,7
309,112,1391,2, باغ فیض,12544000000,3,11
310,270,1388,4, ولنجک,56000000000,5,14
311,110,1402,2, جنت‌آباد جنوبی,11680000000,3,0
312,105,1393,3, شهران جنوبی,11400000000,4,9
313,136,1388,3, کوی فردوس,13900000000,3,14
314,154,1383,3, کوی فردوس,11550000000,2,19
315,115,1384,2, هروی,12700000000,1,18
316,104,1393,2, جنت‌آباد مرکزی,12200000000,1,9
317,214,1402,3, جردن,47000000000,1,0
318,130,1398,3, هروی,18200000000,5,4
319,98,1390,2, جنت‌آباد جنوبی,11800000000,4,12
320,105,1385,2, سعادت‌آباد,13000000000,4,17
321,110,1390,2, هروی,12900000000,5,12
322,212,1385,3, پاسداران,29000000000,4,17
323,85,1395,2, پونک,7600000000,4,7
324,88,1401,2, کاشانک,14500000000,3,1
325,127,1401,2, ازگل,21300000000,2,1
326,140,1401,3, سعادت‌آباد,23500000000,5,1
327,180,1388,3, زعفرانیه,28000000000,3,14
328,135,1395,3, جنت‌آباد شمالی,13000000000,1,7
329,120,1395,3, سهروردی,13250000000,1,7
330,55,1388,1, کوی فردوس,5950000000,2,14
331,72,1378,2, باغ فیض,5720000000,3,24
332,116,1390,3, آبشار تهران,8250000000,7,12
333,89,1386,2, شهران شمالی,6650000000,2,16
334,180,1385,3, سعادت‌آباد,30600000000,11,17
335,98,1397,2, جنت‌آباد جنوبی,11200000000,5,5
336,47,1389,1, سلسبیل,2800000000,1,13
337,130,1380,2, الهیه,23900000000,1,22
338,100,1401,2, مرزداران,14500000000,3,1
339,114,1395,3, آبشار تهران,8050000000,4,7
340,115,1382,2, شهرک غرب,13400000000,1,20
341,75,1384,2, جنت‌آباد مرکزی,7800000000,5,18
342,139,1402,3, استاد معین,11850000000,4,0
343,20,1400,1, دریاچه شهدای خلیج فارس,600000000,21,2
344,60,1388,2, پونک,6300000000,5,14
345,230,1396,3, سعادت‌آباد,50000000000,1,6
346,73,1395,2, شهران جنوبی,7000000000,3,7
347,125,1392,3, سعادت‌آباد,17500000000,5,10
348,78,1398,2, جنت‌آباد جنوبی,10000000000,5,4
349,76,1397,2, جنت‌آباد مرکزی,8150000000,5,5
350,172,1400,3, سعادت‌آباد,45000000000,5,2
351,84,1384,2, پونک,7900000000,1,18
352,65,1380,2, افسریه,3900000000,0,22
353,375,1400,4, محمودیه,93000000000,2,2
354,150,1385,3, میرداماد,18000000000,2,17
355,130,1401,3, مقدم,6500000000,0,1
356,194,1401,3, پاسداران,22310000000,11,1
357,225,1387,3, زعفرانیه,44000000000,6,15
358,170,1401,3, ولنجک,39000000000,6,1
359,113,1397,2, سازمان برنامه,15820000000,3,5
360,118,1402,2, دریاچه شهدای خلیج فارس,8500000000,25,0
361,61,1387,2, مولوی,1900000000,0,15
362,93,1385,2, سازمان برنامه,10200000000,3,17
363,72,1386,2, سازمان برنامه,7100000000,1,16
364,245,1388,4, فرمانیه,47000000000,5,14
365,125,1384,3, کوی فردوس,12800000000,3,18
366,88,1385,2, جنت‌آباد جنوبی,7089000000,2,17
367,48,1383,1, جیحون,2800000000,0,19
368,68,1385,2, پونک,6100000000,3,17
369,90,1402,2, چیتگر,990000000,12,0
370,61,1387,1, پونک,6000000000,2,15
371,75,1386,2, جنت‌آباد مرکزی,5750000000,4,16
372,130,1380,3, پاسداران,20000000000,2,22
373,101,1402,2, چیتگر,808000000,11,0
374,47,1385,1, جیحون,2800000000,0,17
375,320,1394,3, سرو آزاد,14800000000,0,8
376,74,1399,2, پیروزی,5850000000,0,3
377,74,1385,2, پونک,6300000000,1,17
378,100,1401,2, نیرو هوایی,13000000000,3,1
379,150,1401,3, نیرو هوایی,15000000000,4,1
380,150,1397,3, شهرک راه‌آهن,142000000000,2,5
381,50,1400,1, جیحون,3400000000,4,2
382,115,1402,2, سرو آزاد,4255000000,23,0
383,85,1402,2, نیرو هوایی,9800000000,1,0
384,240,1402,3, فرمانیه,63000000000,6,0
385,110,1402,2, مرزداران,12900000000,4,0
386,88,1390,1, بهارستان,1848000000,0,12
387,53,1393,1, صفا,2970000000,0,9
388,160,1401,3, شهرک غرب,41600000000,2,1
389,153,1399,3, آرارات,26000000000,2,3
390,50,1376,1, هفت چنار,2800000000,1,26
391,155,1390,3, میرداماد,17000000000,3,12
392,140,1395,2, اختیاریه,18200000000,2,7
393,90,1383,2, اباذر,8800000000,2,19
394,50,1391,1, خانی‌آباد نو,2500000000,0,11
395,200,1402,3, زعفرانیه,90000000000,5,0
396,62,1395,1, دولاب,3350000000,0,7
397,57,1385,2, تهران‌سر,3330000000,2,17
398,127,1398,3, دریاچه شهدای خلیج فارس,16000000000,14,4
399,53,1386,1, مولوی,2150000000,0,16
400,55,1387,1, شهر زیبا,5250000000,4,15
401,90,1397,2, شهران جنوبی,8500000000,1,5
402,80,1386,2, شهر زیبا,7450000000,4,16
403,159,1398,3, دهکده المپیک,17800000000,3,4
404,235,1400,3, قیطریه,56000000000,3,2
405,112,1396,2, جنت‌آباد جنوبی,14500000000,3,6
406,110,1402,2, پاسداران,14000000000,11,0
407,44,1385,1, آذربایجان,3990000000,2,17
408,89,1388,2, شمس‌آباد,10650000000,1,14
409,149,1391,3, شهر زیبا,11500000000,1,11
410,112,1402,2, چیتگر,7850000000,0,0
411,85,1402,2, دریاچه شهدای خلیج فارس,1275000000,12,0
412,200,1392,3, درب دوم,35500000000,1,10
413,140,1393,3, جنت‌آباد جنوبی,18200000000,5,9
414,85,1390,2, سعادت‌آباد,12700000000,4,12
415,55,1387,1, جیحون,3500000000,2,15
416,116,1401,2, پاسداران,14500000000,8,1
417,120,1402,2, جنت‌آباد جنوبی,17500000000,3,0
418,111,1396,2, شهرک غرب,24200000000,1,6
419,65,1385,1, پونک,5700000000,1,17
420,95,1402,2, بریانک,6200000000,3,0
421,122,1401,3, جی,7503000000,3,1
422,142,1397,2, آرژانتین,21300000000,0,5
423,62,1398,2, مبارک‌آباد بهشتی,1800000000,1,4
424,207,1388,3, ولنجک,33000000000,3,14
425,35,1398,1, آجودانیه,27000000000,3,4
426,138,1398,2, ولنجک,19000000000,3,4
427,53,1392,1, لشکر,3550000000,1,10
428,100,1400,2, مبارک‌آباد بهشتی,3300000000,2,2
429,84,1384,2, ایران,4700000000,4,18
430,41,1376,0, بریانک,1610000000,0,26
431,188,1402,3, زعفرانیه,53000000000,3,0
432,345,1395,4, سعادت‌آباد,65000000000,6,7
433,118,1386,3, سهروردی,14500000000,4,16
434,137,1400,2, جردن,21500000000,4,2
435,105,1400,2, دربند,13500000000,2,2
436,43,1393,1, لشکر,2830000000,2,9
437,86,1394,2, جنت‌آباد مرکزی,10500000000,2,8
438,63,1383,2, جنت‌آباد مرکزی,6610000000,2,19
439,202,1402,3, سعادت‌آباد,40000000000,5,0
440,235,1402,3, سعادت‌آباد,70000000000,4,0
441,165,1402,3, دریاچه شهدای خلیج فارس,11500000000,12,0
442,106,1402,2, استاد معین,8160000000,3,0
443,235,1401,3, کوهک,30550000000,19,1
444,240,1395,3, دروس,48000000000,3,7
445,190,1384,3, دروس,31000000000,2,18
446,93,1393,2, دروس,17650000000,0,9
447,160,1397,3, سعادت‌آباد,26999000000,2,5
448,130,1398,2, دریاچه شهدای خلیج فارس,14500000000,19,4
449,122,1385,2, پاسداران,14000000000,2,17
450,250,1402,4, دریاچه شهدای خلیج فارس,5500000000,18,0
451,150,1401,3, سعادت‌آباد,30000000000,5,1
452,61,1382,1, قنات‌کوثر,4500000000,0,20
453,92,1381,2, اباذر,6500000000,3,21
454,70,1392,1, نعمت‌آباد,2450000000,0,10
455,47,1397,1, جیحون,3120000000,1,5
456,72,1391,2, تهرانپارس شرقی,5100000000,5,11
457,140,1397,3, دروس,24800000000,2,5
458,96,1397,2, زنجان,6350000000,1,5
459,115,1402,3, دیلمان,9300000000,3,0
460,88,1392,2, ازگل,21000000000,3,10
461,58,1383,2, کوی فردوس,5650000000,0,19
462,54,1381,1, کوی فردوس,4800000000,0,21
463,57,1387,1, سازمان برنامه,5200000000,0,15
464,67,1402,1, پونک,8980000000,3,0
465,73,1400,2, فرمانیه,11500000000,2,2
466,114,1400,2, سوهانک,14800000000,2,2
467,85,1400,2, حکیمیه,1050000000,0,2
468,120,1394,2, دریاچه شهدای خلیج فارس,8300000000,0,8
469,60,1377,1, خانی‌آباد نو,5800000000,0,25
470,176,1400,3, مرزداران,33000000000,3,2
471,116,1386,3, شهران جنوبی,12200000000,5,16
472,82,1380,2, آذربایجان,4250000000,1,22
473,128,1392,3, ایوانک,21800000000,3,10
474,107,1393,2, پونک,12600000000,5,9
475,75,1388,2, افسریه,4500000000,0,14
476,50,1382,1, جی,2850000000,3,20
477,182,1400,3, جنت‌آباد مرکزی,22800000000,3,2
478,68,1380,2, پونک,6300000000,0,22
479,260,1384,4, فرمانیه,38000000000,6,18
480,46,1395,1, جیحون,3100000000,4,7
481,106,1400,2, دریاچه شهدای خلیج فارس,10600000000,7,2
482,78,1385,2, کوی فردوس,7950000000,1,17
483,98,1395,2, جنت‌آباد جنوبی,9600000000,3,7
484,53,1376,1, تهرانپارس شرقی,4250000000,0,26
485,168,1370,2, عباس‌آباد,16500000000,0,32
486,170,1397,3, نیاوران,42000000000,1,5
487,79,1393,2, کوی فردوس,8000000000,4,9
488,88,1385,2, شهرک پرواز,7000000000,4,17
489,140,1396,2, شهرک شهید باقری,9730000000,3,6
490,225,1388,3, زعفرانیه,52875000000,6,14
491,54,1380,1, جیحون,3600000000,1,22
492,96,1389,2, پونک,9900000000,1,13
493,148,1401,3, سلسبیل,1200000000,0,1
494,130,1386,2, قیطریه,17800000000,5,16
495,185,1385,3, ونک,20350000000,5,17
496,335,1395,4, الهیه,84000000000,24,7
497,109,1379,2, ظفر,12200000000,2,23
498,40,1388,1, مسعودیه,2500000000,0,14
499,65,1402,2, آبشار,2500000000,10,0
500,85,1380,2, اقدسیه,8200000000,0,22
501,115,1395,2, زعفرانیه,30000000000,4,7
502,185,1401,3, زعفرانیه,45000000000,5,1
503,95,1398,2, نارمک,11000000000,1,4
504,53,1396,2, اندیشه (شهر زیبا),1900000000,1,6
505,116,1392,2, سعادت‌آباد,14000000000,2,10
506,56,1391,1, امامزاده حسن(ع),3950000000,4,11
507,139,1402,3, پونک,23000000000,5,0
508,118,1401,2, میرداماد,19500000000,2,1
509,80,1389,2, شهرآرا,8750000000,2,13
510,217,1399,3, زعفرانیه,88000000000,4,3
511,80,1402,2, مبارک‌آباد بهشتی,2400000000,2,0
512,318,1385,3, الهیه,62000000000,6,17
513,124,1387,2, ایران,8400000000,0,15
514,75,1395,2, مرزداران,8900000000,4,7
515,105,1399,2, ظفر,16275000000,5,3
516,155,1402,3, کوی فراز,27000000000,1,0
517,95,1395,2, نیاوران,15500000000,1,7
518,80,1402,2, خواجه نظام الملک,6300000000,4,0
519,36,1397,0, آذربایجان,2500000001,1,5
520,93,1400,2, مبارک‌آباد بهشتی,2900000000,3,2
521,80,1402,2, جمهوری,3600000000,4,0
522,70,1386,2, ستارخان,7600000000,6,16
523,115,1395,2, مرزداران,14560000000,4,7
524,180,1399,3, ولنجک,41000000000,5,3
525,220,1370,4, بلوار کشاورز,13200000000,2,32
526,51,1395,1, جیحون,3300000000,4,7
527,77,1377,2, سیزده آبان,3200000000,0,25
528,123,1402,2, پاسداران,16000000000,12,0
529,55,1390,1, وردآورد,3000000000,0,12
530,380,1399,3, زعفرانیه,100000000000,8,3
531,95,1402,2, نازی‌آباد,8100000000,0,0
532,320,1397,3, زعفرانیه,50000000000,2,5
533,130,1388,2, ولنجک,20000000000,10,14
534,42,1380,1, بریانک,2250000000,2,22
535,68,1394,2, اندیشه (شهر زیبا),1800000000,0,8
536,40,1382,1, پیروزی,2530000000,1,20
537,82,1382,2, کوی فردوس,7500000000,4,20
538,101,1397,2, کوی فردوس,11100000000,2,5
539,59,1391,2, اندیشه (شهر زیبا),1950000000,2,11
540,243,1392,3, زعفرانیه,60000000000,9,10
541,219,1397,3, پاسداران,41100000000,4,5
542,370,1397,4, پاسداران,90000000000,4,5
543,270,1397,4, پاسداران,48500000000,4,5
544,63,1387,1, نازی‌آباد,3500000000,0,15
545,50,1382,1, امیرآباد,4900000000,2,20
546,69,1394,2, هفت چنار,4700000000,1,8
547,240,1402,3, فرمانیه,52500000000,22,0
548,113,1394,2, جنت‌آباد مرکزی,12500000000,3,8
549,160,1401,3, پاسداران,28800000000,3,1
550,127,1390,2, آبشار تهران,7750000000,4,12
551,180,1402,3, پاسداران,44000000000,4,0
552,194,1402,3, پاسداران,22310000000,9,0
553,110,1389,2, ولنجک,18800000000,5,13
554,42,1397,1, خزانه,2145000000,1,5
555,67,1394,2, اندیشه (شهر زیبا),3370000000,2,8
556,170,1398,3, میرداماد,27000000000,4,4
557,255,1385,4, فرمانیه,38000000000,5,17
558,200,1401,3, زعفرانیه,60000000000,2,1
559,181,1392,3, پاسداران,29000000000,3,10
560,183,1392,3, نیاوران,33485000000,2,10
561,110,1401,2, پاسداران,14000000000,7,1
562,270,1396,3, نیاوران,62000000000,6,6
563,40,1402,1, سبلان,2820000000,2,0
564,67,1385,2, شهرک شهید باقری,5100000000,4,17
565,125,1391,3, سرو آزاد,9500000000,3,11
566,76,1396,1, هروی,9800000000,2,6
567,102,1385,2, شهران شمالی,10800000000,1,17
568,120,1385,2, سعادت‌آباد,16000000000,1,17
569,134,1397,2, کامرانیه,23200000000,1,5
570,89,1399,2, وحیدیه,6600000000,5,3
571,131,1382,2, شهرک غرب,30785000000,0,20
572,112,1402,2, صادقیه,2576000000,10,0
573,74,1382,2, جنت‌آباد جنوبی,7000000000,4,20
574,100,1402,2, دریاچه شهدای خلیج فارس,22000000000,15,0
575,151,1388,3, دروس,20450000000,5,14
576,100,1402,2, دریاچه شهدای خلیج فارس,2600000000,8,0
577,277,1391,4, دروس,34000000000,3,11
578,118,1402,2, قیطریه,29000000000,5,0
579,95,1370,2, سلسبیل,4700000000,0,32
580,97,1395,2, اختیاریه,13100000000,3,7
581,180,1388,3, الهیه,23000000000,5,14
582,111,1387,2, اختیاریه,13000000000,1,15
583,217,1402,3, پاسداران,34600000000,1,0
584,108,1380,2, زعفرانیه,18500000000,3,22
585,65,1386,2, شهرک کیانشهر,2200000000,0,16
586,183,1401,3, هروی,19800000000,7,1
587,136,1398,3, پاسداران,16700000000,4,4
588,140,1400,3, اباذر,18500000000,5,2
589,53,1395,1, سیزده آبان,2520000000,0,7
590,135,1399,2, ازگل,22950000000,9,3
591,110,1394,2, تاکسیرانی,10000000000,0,8
592,106,1396,2, جردن,14350000000,3,6
593,162,1402,3, اتابک,2695000000,0,0
594,125,1387,2, الهیه,18500000000,3,15
595,310,1402,4, الهیه,93000000000,6,0
596,41,1380,1, جی,2400000000,3,22
597,165,1402,3, کوی فردوس,18500000000,4,0
598,125,1402,2, آبشار تهران,3400000000,22,0
599,84,1397,2, جنت‌آباد شمالی,9590000000,5,5
600,65,1398,1, شهران جنوبی,6400000000,8,4
601,175,1397,3, هروی,27000000000,2,5
602,60,1386,1, فلاح,2070000000,1,16
603,86,1390,2, سازمان برنامه,8200000000,2,12
604,60,1392,1, دروس,9950000000,1,10
605,78,1386,2, سازمان برنامه,6880000000,1,16
606,240,1402,3, زعفرانیه,6700000000,2,0
607,51,1395,1, مولوی,2000000000,1,7
608,78,1399,2, مولوی,2490000000,4,3
609,53,1400,1, سعادت‌آباد,12000000000,3,2
610,90,1382,2, شهرک نفت (منطقه ۵),8500000000,2,20
611,88,1395,2, جنت‌آباد جنوبی,9200000000,5,7
612,115,1397,2, ستارخان,12300000000,4,5
613,137,1402,2, نیرو هوایی,12330000000,0,0
614,101,1386,2, جنت‌آباد مرکزی,9300000000,2,16
615,114,1401,2, هفت حوض,13700000000,4,1
616,80,1379,2, سازمان برنامه,8180000000,5,23
617,103,1388,2, سازمان برنامه,9700000000,2,14
618,45,1389,1, یافت‌آباد,2000000000,0,13
619,110,1402,2, دریاچه شهدای خلیج فارس,10000000000,4,0
620,61,1380,2, بهار,4900000000,2,22
621,120,1401,2, زعفرانیه,36000000000,3,1
622,40,1383,1, پیروزی,2750000000,0,19
623,64,1385,2, جنت‌آباد جنوبی,5800000000,3,17
624,60,1398,1, مبارک‌آباد بهشتی,2040000000,1,4
625,74,1392,1, دانشگاه شریف,5750000000,3,10
626,110,1402,2, آبشار تهران,3300000000,17,0
627,67,1397,1, مبارک‌آباد بهشتی,1740000000,3,5
628,112,1395,3, مرزداران,12500000000,4,7
629,44,1382,1, جنت‌آباد شمالی,5395000000,3,20
630,200,1399,3, نیاوران,39000000000,5,3
631,185,1402,3, سعادت‌آباد,46250000000,0,0
632,112,1402,2, دهکده المپیک,14000000000,2,0
633,540,1402,4, زعفرانیه,237600000000,8,0
634,82,1395,2, پونک,8250000000,2,7
635,98,1401,2, مرزداران,15700000000,1,1
636,102,1370,2, گیشا (کوی نصر),14000000000,0,32
637,455,1402,4, الهیه,160000000000,8,0
638,95,1392,2, بهار,8700000000,2,10
639,94,1394,2, سازمان برنامه,8900000000,2,8
640,117,1402,2, پاسداران,14500000000,7,0
641,129,1392,3, پونک,15800000000,4,10
642,123,1393,2, باغ فیض,11800000000,1,9
643,77,1395,2, کرمان,7500000000,0,7
644,112,1402,2, کوهک,1904000000,10,0
645,120,1394,2, کوی فردوس,13500000000,2,8
646,185,1401,3, فرمانیه,24050000000,8,1
647,112,1385,2, میرداماد,13850000000,3,17
648,103,1401,2, هروی,13900000000,7,1
649,180,1401,3, پاسداران,21600000000,6,1
650,210,1388,3, الهیه,40000000000,3,14
651,129,1401,2, پاسداران,17000000000,7,1
652,103,1383,2, پونک,12500000000,6,19
653,106,1402,2, مرزداران,14000000000,4,0
654,75,1402,2, مبارک‌آباد بهشتی,2175000000,2,0
655,150,1402,3, پیروزی,22500000000,3,0
656,88,1399,2, مبارک‌آباد بهشتی,2660000000,2,3
657,60,1380,1, بهارستان,3000000000,0,22
658,50,1401,1, پلیس,3400000000,3,1
659,108,1402,2, پاسداران,16200000000,3,0
660,70,1395,2, آبشار,5500000000,0,7
661,122,1393,2, گیشا (کوی نصر),16500000000,2,9
662,50,1391,1, پیروزی,4000000000,0,11
663,90,1402,2, اوقاف,1000000000,0,0
664,110,1397,2, گیشا (کوی نصر),18500000000,5,5
665,68,1390,2, پونک,7650000000,2,12
666,105,1392,2, دریان‌نو,12700000000,0,10
667,71,1394,2, گرگان,4828000000,2,8
668,103,1389,2, ایران,8500000000,0,13
669,110,1384,2, اباذر,8700000000,2,18
670,110,1402,2, یوسف‌آباد,17000000000,4,0
671,53,1392,1, شمیران‌نو,1250000000,0,10
672,150,1402,3, یوسف‌آباد,22000000000,5,0
673,58,1376,1, مجیدیه,3800000000,0,26
674,92,1402,2, یوسف‌آباد,16100000000,3,0
675,60,1389,1, خاوران,3000000000,4,13
676,145,1392,3, دریاچه شهدای خلیج فارس,12325000000,10,10
677,110,1401,2, شهرک راه‌آهن,1660000000,8,1
678,200,1402,3, یوسف‌آباد,40000000000,2,0
679,72,1395,2, جلیلی,3960000000,3,7
680,108,1393,3, هروی,13200000000,4,9
681,100,1402,2, مرزداران,18000000000,1,0
682,160,1401,3, نیاوران,21900000000,4,1
683,147,1395,3, پونک,23370000000,5,7
684,131,1401,2, هروی,15720000000,10,1
685,81,1392,2, تهرانپارس غربی,6500000000,1,10
686,86,1400,2, چیتگر,7350000000,22,2
687,92,1402,2, سعادت‌آباد,15200000000,6,0
688,50,1385,1, میدان حر,2800000000,2,17
689,170,1384,3, سعادت‌آباد,27250000000,5,18
690,62,1391,2, سعادت‌آباد,8550000000,4,11
691,62,1382,2, جیحون,3700000000,1,20
692,127,1401,3, پاتریس لومومبا,14700000000,1,1
693,150,1402,3, کامرانیه,32000000000,1,0
694,128,1402,3, شهرک غرب,23000000000,5,0
695,120,1383,2, سعادت‌آباد,16800000000,1,19
696,90,1370,2, چیذر,10800000000,3,32
697,77,1382,2, جیحون,4950000000,2,20
698,112,1402,2, هروی,14500000000,8,0
699,980,1402,2, صادقیه,137500000000,5,0
700,138,1402,3, چیتگر,1656000000,12,0
701,105,1393,2, جنت‌آباد جنوبی,10600000000,3,9
702,78,1402,2, وردآورد,5100000000,4,0
703,98,1384,2, گیشا (کوی نصر),11000000000,2,18
704,85,1386,2, صادقیه,2000000000,3,16
705,183,1399,3, فرمانیه,35000000000,3,3
706,194,1402,3, پاسداران,21922000000,11,0
707,131,1400,2, شهرک امید,16300000000,14,2
708,93,1402,2, چیتگر,8550000000,17,0
709,63,1392,1, تهران‌سر,4800000000,1,10
710,300,1401,3, ولنجک,90000000000,11,1
711,134,1388,2, شهرک راه‌آهن,11500000000,1,14
712,200,1397,3, الهیه,36000000000,6,5
713,90,1400,2, زنجان,6700000000,1,2
714,141,1401,3, سعادت‌آباد,38000000000,3,1
715,103,1402,2, پاسداران,12772000000,4,0
716,110,1389,2, نیاوران,15500000000,1,13
717,132,1395,3, کوی فردوس,12950000000,2,7
718,106,1402,2, هروی,13780000000,6,0
719,125,1397,2, پونک,12800000000,3,5
720,128,1402,2, دریاچه شهدای خلیج فارس,3200005000,6,0
721,106,1399,2, جنت‌آباد مرکزی,14390000000,6,3
722,130,1401,3, پاسداران,14650000000,7,1
723,94,1402,2, وردآورد,2300000000,8,0
724,90,1394,2, سلیمانی,4300000000,2,8
725,96,1401,2, مبارک‌آباد بهشتی,2750000000,2,1
726,110,1401,3, پاسداران,12700000000,6,1
727,167,1394,3, بهجت‌آباد,16800000000,4,8
728,140,1382,3, سعادت‌آباد,19000000000,1,20
729,110,1400,2, پاسداران,12750000000,3,2
730,100,1402,1, سرو آزاد,3350000000,24,0
731,55,1398,1, شهرک تختی,1705000000,2,4
732,183,1402,3, هروی,20679000000,4,0
733,130,1402,3, چیتگر,4220000000,20,0
734,111,1397,3, سعادت‌آباد,24000000000,5,5
735,88,1402,2, دولاب,5544000000,4,0
736,157,1401,3, سعادت‌آباد,28500000000,1,1
737,70,1388,2, ارم,6800000000,2,14
738,120,1397,3, ظفر,18000000000,4,5
739,100,1402,2, وردآورد,2400000000,11,0
740,86,1370,2, دولت‌آباد,4500000000,0,32
741,58,1402,2, تهران‌سر,4089000000,3,0
742,320,1402,4, دروس,90000000000,5,0
743,105,1371,2, قلهک,15000000000,0,31
744,44,1395,1, فلاح,2480000000,3,7
745,183,1402,3, هروی,20679000000,4,0
746,68,1381,2, المهدی,6250000000,2,21
747,51,1390,1, امیریه,2200000000,4,12
748,106,1402,2, هروی,13780000000,6,0
749,57,1387,1, امیریه,1980000000,3,15
750,52,1380,1, منیریه,2180000000,3,22
751,55,1384,1, امیر بهادر,2720000000,1,18
752,57,1387,1, امیریه,2350000000,1,15
753,52,1387,1, منیریه,2690000000,2,15
754,53,1382,1, امیر بهادر,1650000000,0,20
755,200,1382,3, قلهک,26600000000,3,20
756,65,1382,2, مشیریه,3050000000,1,20
757,42,1392,1, امیریه,2000000000,1,10
758,53,1398,1, اندیشه (شهر زیبا),950000000,1,4
759,50,1402,1, پونک,3900000000,4,0
760,100,1402,2, دریاچه شهدای خلیج فارس,2500000000,15,0
761,350,1401,4, نیاوران,83000000000,6,1
762,46,1399,1, سلسبیل,2530000000,2,3
763,117,1401,2, صادقیه,12390000000,1,1
764,63,1397,2, اندیشه (شهر زیبا),1260000000,2,5
765,60,1384,2, میدان حر,4200000000,5,18
766,155,1398,3, اراج,27000000000,3,4
767,67,1383,2, پونک,5760000000,5,19
768,133,1385,2, نیاوران,21500000000,3,17
769,230,1395,3, دروس,47000000000,5,7
770,86,1384,2, سازمان برنامه,6900000000,0,18
771,155,1399,3, سعادت‌آباد,33500000000,4,3
772,120,1402,2, دریاچه شهدای خلیج فارس,2150000000,10,0
773,127,1397,3, جنت‌آباد جنوبی,11880000000,4,5
774,98,1396,2, جنت‌آباد شمالی,9490000000,5,6
775,162,1402,3, دریاچه شهدای خلیج فارس,9500000000,19,0
776,64,1400,1, مبارک‌آباد بهشتی,1952000000,3,2
777,209,1400,4, الهیه,53000000000,4,2
778,44,1383,1, سلسبیل,2250000000,2,19
779,49,1399,1, مبارک‌آباد بهشتی,1750000000,1,3
780,70,1400,2, دیلمان,2000000000,1,2
781,60,1402,2," مبارک‌آباد بهشتی,خونه معامله نکن تا کارشناسیش نکردی",1920000000,2,0
782,145,1382,3, یوسف‌آباد,16600000000,6,20
783,90,1402,2, جنت‌آباد جنوبی,12680000000,5,0
784,98,1390,2, پونک,9500000000,1,12
785,95,1392,2, پونک,10500000000,3,10
786,110,1397,2, شهران جنوبی,11000000000,5,5
787,125,1399,2, جردن,16500000000,1,3
788,72,1402,2, مبارک‌آباد بهشتی,2016000000,2,0
789,155,1402,3, شهرک راه‌آهن,155000000000,3,0
790,71,1396,2, مبارک‌آباد بهشتی,2100000000,3,6
791,41,1396,1, فلاح,2050000000,1,6
792,70,1401,2, مبارک‌آباد بهشتی,1900000000,4,1
793,100,1402,2, دریاچه شهدای خلیج فارس,2200000000,15,0
794,187,1390,3, سعادت‌آباد,39000000000,3,12
795,84,1394,2, نازی‌آباد,7100000000,4,8
796,73,1396,1, ولنجک,17500000000,3,6
797,58,1395,1, کوی فردوس,5400000000,3,7
798,65,1396,2," جنت‌آباد جنوبی,خونه معامله نکن تا کارشناسیش نکردی",7150000000,1,6
799,46,1402,1, جیحون,2900000000,3,0
800,65,1402,1, خزانه,3900000000,5,0
801,104,1402,2, چیتگر,1300000000,11,0
802,122,1401,2, فرمانیه,15860000000,2,1
803,70,1374,2, زنجان,4900000000,3,28
804,120,1401,2, ولنجک,111111111111,6,1
805,119,1401,3, چیتگر,1654000000,14,1
806,108,1387,3, شهرک مسلمین,4644000000,3,15
807,68,1401,1, مبارک‌آباد بهشتی,1750000000,2,1
808,50,1384,1, بریانک,3100000000,2,18
809,62,1400,2, مبارک‌آباد بهشتی,1750000000,4,2
810,130,1398,3," هروی,خونه معامله نکن تا کارشناسیش نکردی",17500000000,7,4
811,73,1384,2, گیشا (کوی نصر),7300000000,1,18
812,81,1385,2, سعادت‌آباد,9800000000,3,17
813,90,1391,2, جنت‌آباد جنوبی,8600000000,3,11
814,80,1401,2, استاد معین,6200000000,4,1
815,150,1400,3, امانیه,24000000000,1,2
816,115,1399,2, یوسف‌آباد,18000000000,1,3
817,63,1400,1, مبارک‌آباد بهشتی,1926000000,3,2
818,103,1395,2, شهرک راه‌آهن,7620000000,1,7
819,157,1387,3, سعادت‌آباد,20000000000,2,15
820,125,1385,2, آجودانیه,19000000000,1,17
821,100,1397,2, درب دوم,14500000000,1,5
822,88,1401,2, اکباتان,10600000000,30,1
823,51,1390,1, جوادیه,2550000000,3,12
824,99,1375,1, شکوفه,4356000000,0,27
825,47,1380,1, مسعودیه,2000000000,2,22
826,68,1375,2, جنت‌آباد مرکزی,6800000000,1,27
827,107,1394,2, امیرآباد,20000000000,2,8
828,85,1402,2, سعادت‌آباد,16000000000,1,0
829,62,1400,2, مبارک‌آباد بهشتی,1750000000,4,2
830,71,1396,2, خواجه نظام الملک,5100000000,2,6
831,133,1381,3, ایران,10600000000,5,21
832,89,1400,2, مبارک‌آباد بهشتی,2403000000,2,2
833,75,1399,2, شهرک راه‌آهن,7600000000,1,3
834,50,1391,1, دریاچه شهدای خلیج فارس,1500000000,2,11
835,85,1387,2, ولنجک,16200000000,9,15
